time_s,lat,lon,alt,grav_x,grav_y,grav_z
0.0,30.0111368,30.9869882,173.265,0.039063692129276406,0.009277626880703146,0.9991760002441481
0.1,30.0111369,30.9869885,173.238,0.020477919858394117,0.01803643910031434,0.999603259376812
0.2,30.0111372,30.9869892,173.302,0.016693624683370465,0.025391399884029664,0.9995117038483841
0.3,30.0111373,30.9869891,173.299,0.012268440809350871,0.027314065981017488,0.99954222235786
0.4,30.0111372,30.9869884,173.211,-0.005035554063539537,0.043122653889584035,0.9990539262062441
0.5,30.0111373,30.9869892,173.219,-0.008178960539567248,0.05642872402111881,0.9983520004882962
0.6,30.0111375,30.9869897,173.271,-0.012848292489394819,0.06445509201330607,0.9978331858272041
0.7,30.0111375,30.9869896,173.245,-0.0163274025696585,0.06295968504898221,0.9978637043366801
0.8,30.0111374,30.9869892,173.214,-0.015961180455946532,0.07498397778252511,0.9970397045808282
0.9,30.0111382,30.9869914,173.365,-0.009216589861751152,0.09796441541795099,0.9951170384838405
1.0,30.0111383,30.9869926,173.382,-0.00827051606799524,0.12854396191290018,0.9916684469130528
1.1,30.0111382,30.9869924,173.306,-0.009521774956511124,0.1389812921536912,0.9902340769676808
1.2,30.0111381,30.9869909,173.231,-0.0012512588885158849,0.15820795312356944,0.9873958555864132
1.3,30.0111386,30.9869923,173.328,-0.0015564439832758568,0.16382335886715294,0.9864803003021333
1.4,30.0111384,30.9869925,173.293,0.0021057771538438063,0.1673329874568926,0.9858699301126133
1.5,30.0111382,30.9869915,173.171,0.002380443739127781,0.16534928434095278,0.9862056337168492
1.6,30.0111384,30.9869918,173.206,0.00619525742362743,0.15598010193182166,0.9877315591906491
1.7,30.0111387,30.9869912,173.171,0.00793481246375927,0.15475936155278175,0.9879146702475051
1.8,30.0111391,30.9869926,173.259,0.007110812707907346,0.15073091830195012,0.988525040437025
1.9,30.0111391,30.9869922,173.219,0.005523850215155492,0.14712973418378247,0.989074373607593
2.0,30.0111394,30.9869932,173.28,0.009552293465987122,0.14728232673116246,0.989043855098117
2.1,30.0111393,30.9869926,173.236,0.011688589129306926,0.15060884426404614,0.988494521927549
2.2,30.0111394,30.9869924,173.223,0.008301034577471236,0.15845210119937742,0.9873043000579852
2.3,30.0111398,30.9869941,173.359,0.011505478072450942,0.1706900234992523,0.9852290414136173
2.4,30.0111396,30.9869924,173.263,0.01803643910031434,0.18976409192175053,0.9816583758049257
2.5,30.0111395,30.9869925,173.289,0.021698660237434005,0.19931638538773766,0.9796746726889859
2.6,30.0111397,30.9869929,173.315,0.024811548203985716,0.2074343089083529,0.977904599139378
2.7,30.0111393,30.9869922,173.254,0.021698660237434005,0.21057771538438064,0.9773247474593341
2.8,30.0111395,30.9869921,173.285,0.019989623706778162,0.21131015961180455,0.9772026734214301
2.9,30.0111393,30.9869917,173.228,0.02414014099551378,0.21051667836542864,0.9772637104403821
3.0,30.0111396,30.9869929,173.312,0.032135990478225046,0.20453505050813317,0.978301339762566
3.1,30.0111397,30.9869928,173.325,0.033295693838312934,0.2020630512405774,0.978789635914182
3.2,30.0111397,30.9869928,173.348,0.03439436017944884,0.21243934446241647,0.9765617847224342
3.3,30.0111402,30.986994,173.43,0.04031495101779229,0.21369060335093235,0.9760429700613422
3.4,30.01114,30.9869931,173.391,0.03488265633106479,0.2162236396374401,0.9757072664571063
3.5,30.0111403,30.986994,173.462,0.02490310373241371,0.21216467787713247,0.9768974883266701
3.6,30.0111403,30.9869933,173.421,0.020020142216254158,0.19916379284035768,0.9797357097079379
3.7,30.0111402,30.9869929,173.404,0.02172917874691,0.19745475630970183,0.9800408948026978
3.8,30.0111405,30.9869941,173.475,0.02685628833887753,0.1861018707846309,0.9821466719565416
3.9,30.0111405,30.986994,173.457,0.030854213080233162,0.17929624317148352,0.9832758568071536
4.0,30.0111405,30.9869937,173.466,0.026978362376781518,0.17407757805108798,0.9843440046388134
4.1,30.0111409,30.9869947,173.532,0.02630695516830958,0.17218543046357615,0.9846797082430494
4.2,30.0111407,30.9869937,173.49,0.031464583269753106,0.1696523941770684,0.9849848933378094
4.3,30.0111411,30.9869954,173.601,0.04220709860530412,0.15582750938444168,0.9868465224158453
4.4,30.0111413,30.9869959,173.626,0.04171880245368816,0.14548173467207862,0.9884640034180731
4.5,30.0111411,30.9869941,173.537,0.03283791619617298,0.14520706808679465,0.988830225531785
4.6,30.0111413,30.9869952,173.625,0.029877620777001252,0.1316263313699759,0.9908444471572009
4.7,30.0111416,30.9869963,173.685,0.028138065736869413,0.1173436689352092,0.9926755577257607
4.8,30.0111414,30.9869957,173.663,0.03900265511032441,0.10800500503555406,0.9933774834437086
4.9,30.0111413,30.9869949,173.617,0.04422132023071993,0.10373241370891445,0.9935911130100405
5.0,30.0111418,30.9869958,173.682,0.03295999023407697,0.10345774712363048,0.9940794091616565
5.1,30.0111418,30.9869958,173.691,0.029419843134861293,0.10248115482039857,0.9942930387279886
5.2,30.0111412,30.9869944,173.586,0.02902310251167333,0.10171819208349864,0.9943845942564166
5.3,30.0111416,30.9869951,173.639,0.024719992675557727,0.10507522812585833,0.9941404461806085
5.4,30.0111419,30.9869955,173.674,0.03189184240241707,0.11224707785271767,0.9931638538773766
5.5,30.0111422,30.9869955,173.685,0.03732413708914457,0.11490218817712942,0.9926450392162847
5.6,30.0111429,30.9869981,173.856,0.03326517532883694,0.12253181554612873,0.9918820764793848
5.7,30.0111432,30.9869984,173.881,0.03057954649494919,0.1261329996642964,0.9915158543656728
5.8,30.0111434,30.9869997,173.979,0.030030213324381237,0.12656025879696037,0.9914853358561968
5.9,30.0111436,30.9869999,173.982,0.033509323404644915,0.12668233283486435,0.9913632618182928
6.0,30.0111436,30.9870001,174.021,0.03109836115604114,0.12887966551713614,0.9911496322519608
6.1,30.0111447,30.987003,174.222,0.026245918149357585,0.12967314676351208,0.9911801507614368
6.2,30.0111442,30.9870016,174.125,0.019959105197302165,0.1274452955717643,0.9916379284035768
6.3,30.0111452,30.9870048,174.337,0.015961180455946532,0.12582781456953643,0.9919125949888608
6.4,30.0111453,30.9870056,174.393,0.017029328287606435,0.12408825952940458,0.9920957060457167
6.5,30.0111455,30.9870059,174.408,0.02447584459974975,0.1239051484725486,0.9919736320078127
6.6,30.0111458,30.9870064,174.443,0.0358897671437727,0.12143314920499283,0.9919431134983367
6.7,30.0111464,30.9870085,174.604,0.033570360423596915,0.11978514969328898,0.9922177800836207
6.8,30.011147,30.9870097,174.709,0.0304269539475692,0.1173131504257332,0.9926145207068087
6.9,30.0111471,30.987009,174.657,0.035462508011108736,0.11716055787835322,0.9924619281594287
7.0,30.0111477,30.9870108,174.797,0.04199346903897214,0.1097750785851619,0.9930417798394726
7.1,30.0111485,30.9870129,174.927,0.06442457350383007,0.10306100650044252,0.9925840021973327
7.2,30.011149,30.9870143,175.02,0.057252723776970736,0.10065004425183874,0.9932554094058046
7.3,30.0111495,30.9870139,174.988,0.050813318277535324,0.09848323007904294,0.9938352610858485
7.4,30.0111506,30.9870164,175.214,0.07162694174016541,0.10177922910245063,0.9922177800836207
7.5,30.011151,30.9870185,175.341,0.07510605182042909,0.10657063509018219,0.9914548173467208
7.6,30.0111516,30.9870195,175.427,0.08163701284829249,0.1098361156041139,0.9905697805719169
7.7,30.0111525,30.987021,175.563,0.08349864192632832,0.11203344828638569,0.9901730399487289
7.8,30.011153,30.9870227,175.682,0.07010101626636556,0.11581774346140934,0.9907834101382489
7.9,30.0111539,30.9870241,175.765,0.07657094027527696,0.11325418866542558,0.9906002990813929
8.0,30.0111545,30.9870265,175.962,0.07593005157628102,0.1108127079073458,0.9909054841761529
8.1,30.0111547,30.9870257,175.9,0.08642841883602405,0.1044343394268624,0.9907528916287729
8.2,30.0111557,30.9870283,176.079,0.10742515335551012,0.09820856349375896,0.989318521683401
8.3,30.011156,30.9870295,176.18,0.09588915677358317,0.09088412121951964,0.9912106692709128
8.4,30.0111562,30.9870298,176.178,0.09515671254615925,0.09137241737113559,0.9912411877803888
8.5,30.0111565,30.987031,176.262,0.09189123203222754,0.09015167699209571,0.9916684469130528
8.6,30.0111569,30.9870329,176.389,0.08243049409466842,0.09247108371227149,0.9922788171025727
8.7,30.011157,30.987033,176.388,0.08523819696646016,0.10501419110690634,0.9907834101382489
8.8,30.0111566,30.9870336,176.421,0.05294961394085513,0.10968352305673391,0.9925229651783807
8.9,30.0111566,30.9870335,176.418,0.03576769310586871,0.11148411511581774,0.9931028168584246
9.0,30.0111566,30.9870342,176.443,0.04699850459303568,0.10721152378917814,0.9931028168584246
9.1,30.0111561,30.9870336,176.366,0.03518784142582476,0.10177922910245063,0.9941709646900846
9.2,30.0111561,30.9870335,176.345,0.01947080904568621,0.09723197119052705,0.9950560014648885
9.3,30.0111557,30.987034,176.406,0.022431104464857937,0.0913418988616596,0.9955442976165044
9.4,30.0111552,30.9870318,176.249,0.01782280953398236,0.08737449262977996,0.9960020752586444
9.5,30.0111548,30.9870315,176.242,0.009216589861751152,0.08679464094973602,0.9961546678060244
9.6,30.0111543,30.98703,176.109,-0.002227851191747795,0.09201330607013153,0.9957274086733604
9.7,30.0111536,30.9870278,175.965,-0.013519699697866757,0.09097567674794763,0.9957579271828364
9.8,30.0111537,30.9870294,176.106,-0.0024414807580797754,0.09869685964537492,0.9950865199743645
9.9,30.0111534,30.9870292,176.088,0.00024414807580797754,0.10367137668996246,0.9945982238227485
10.0,30.0111535,30.9870298,176.125,0.0031128879665517136,0.11056855983153782,0.9938352610858485
10.1,30.0111533,30.987029,176.087,0.000946073793755913,0.11160618915372174,0.9937437055574205
10.2,30.0111536,30.9870306,176.194,-0.008880886257515184,0.10583819086275827,0.9943235572374646
10.3,30.0111528,30.9870292,176.07,-0.009094515823847163,0.11322367015594959,0.9934995574816126
10.4,30.0111527,30.9870287,176.041,-0.016571550645466476,0.12201300088503678,0.9923703726310007
10.5,30.0111526,30.9870291,176.08,-0.010834070863979004,0.12326425977355265,0.9923093356120487
10.6,30.0111524,30.9870286,176.04,-0.005035554063539537,0.12451551866206854,0.9921872615741447
10.7,30.0111523,30.987029,176.069,-0.019623401593066195,0.13122959074678792,0.9911496322519608
10.8,30.0111526,30.9870293,176.14,-0.039368877224036376,0.12662129581591236,0.9911496322519608
10.9,30.0111522,30.9870286,176.081,-0.044038209173863946,0.12344737083040865,0.9913632618182928
11.0,30.0111523,30.9870288,176.101,-0.03466902676473281,0.12518692587054048,0.9915158543656728
11.1,30.0111524,30.9870296,176.186,-0.027130954924161503,0.12982573931089206,0.9911496322519608
11.2,30.0111523,30.9870296,176.155,-0.03949095126194037,0.12887966551713614,0.9908444471572009
11.3,30.0111524,30.98703,176.181,-0.04766991180150761,0.12652974028748437,0.9908139286477249
11.4,30.0111527,30.9870303,176.243,-0.04803613391521958,0.12753685110019228,0.9906613361003449
11.5,30.0111526,30.9870297,176.198,-0.03717154454176458,0.1347697378460036,0.9901730399487289
11.6,30.0111529,30.9870301,176.259,-0.026673177282021548,0.130314035462508,0.9910885952330089
11.7,30.011153,30.9870303,176.272,-0.017883846552934356,0.1281167027802362,0.9915768913846248
11.8,30.0111533,30.9870306,176.307,-0.018402661214026308,0.13498336741233558,0.9906613361003449
11.9,30.0111535,30.9870309,176.34,-0.023194067201757866,0.14951017792291024,0.9884640034180731
12.0,30.0111535,30.9870306,176.346,-0.0293282876064333,0.14792321543015838,0.988555558946501
12.1,30.0111536,30.9870302,176.302,-0.022583697012237922,0.1465804010132145,0.988921781060213
12.2,30.011154,30.9870307,176.373,-0.03604235969115269,0.13837092196417128,0.9897152623065889
12.3,30.0111543,30.987031,176.411,-0.02490310373241371,0.13629566331980347,0.9903256324961089
12.4,30.0111544,30.9870311,176.414,-0.003784295175023652,0.14380321665089876,0.9895931882686849
12.5,30.0111545,30.9870308,176.377,0.0013428144169438765,0.16077150791955322,0.9869685964537492
12.6,30.0111544,30.9870316,176.472,0.0003357036042359691,0.1674855800042726,0.9858699301126133
12.7,30.0111547,30.9870317,176.458,-0.006988738670003357,0.17514572588274788,0.9844965971861934
12.8,30.011155,30.9870323,176.501,-0.010681478316599017,0.19089327677236242,0.9815363017670217
12.9,30.0111545,30.9870327,176.515,-0.016296884060182502,0.1986449781792657,0.9799188207647939
13.0,30.0111542,30.9870325,176.467,-0.023133030182805873,0.19516586809900205,0.9804681539353618
13.1,30.0111539,30.9870328,176.467,-0.02240058595538194,0.19199194311349835,0.9811090426343577
13.2,30.0111534,30.9870326,176.411,-0.004730368968779565,0.18601031525620287,0.9825128940702537
13.3,30.0111533,30.9870324,176.39,-0.0007629627368999298,0.17584765160069582,0.9844050416577654
13.4,30.0111534,30.9870327,176.445,0.010589922788171027,0.1728873561815241,0.9848628192999054
13.5,30.0111534,30.9870326,176.388,0.008545182653279214,0.16907254249702444,0.9855647450178533
13.6,30.0111534,30.9870324,176.404,0.010254219183935057,0.16919461653492843,0.9855037079989013
13.7,30.0111534,30.9870326,176.416,-0.0050050355540635395,0.17020172734763633,0.9853816339609973
13.8,30.0111536,30.9870323,176.398,0.0030823694570757164,0.17658009582811976,0.9842524491103855
13.9,30.0111535,30.9870322,176.378,0.015503402813806574,0.18616290780358288,0.9823908200323496
14.0,30.0111535,30.9870324,176.404,0.00015259254737998596,0.19571520126956998,0.9806512649922178
14.1,30.0111534,30.987032,176.374,0.002685628833887753,0.20300912503433333,0.979155858027894
14.2,30.0111532,30.9870323,176.402,-0.002075258644367809,0.19602038636432997,0.9805902279732658
14.3,30.0111532,30.9870323,176.388,-0.0013733329264198737,0.19394512771996217,0.9809869685964537
14.4,30.011153,30.9870324,176.394,-0.011261329996642965,0.19174779503769035,0.9813531907101657
14.5,30.0111524,30.9870324,176.349,-0.03283791619617298,0.18308053834650714,0.9825434125797297
14.6,30.0111522,30.9870321,176.34,-0.02850428785058138,0.17636646626178779,0.9838862269966735
14.7,30.0111521,30.9870322,176.374,-0.030823694570757166,0.17099520859401227,0.9847712637714774
14.8,30.011152,30.9870324,176.379,-0.023133030182805873,0.17981505783257545,0.9833979308450576
14.9,30.0111519,30.9870327,176.379,-0.029206213568529312,0.1946165349284341,0.9804376354258858
15.0,30.011152,30.9870325,176.393,-0.02023377178258614,0.20960112308114873,0.977568895535142
15.1,30.0111521,30.9870327,176.387,-0.014984588152714622,0.21768852809228798,0.9758903775139622
15.2,30.0111524,30.9870326,176.361,-0.007751701406903287,0.21579638050477615,0.9763786736655782
15.3,30.0111528,30.9870324,176.343,-0.012237922299874875,0.21372112186040834,0.9768059327982421
15.4,30.011153,30.9870325,176.338,-0.01098666341135899,0.2182073427533799,0.9758293404950102
15.5,30.0111531,30.9870322,176.297,-0.008728293710135197,0.22891933957945493,0.9733878597369304
15.6,30.0111536,30.987032,176.309,-0.015778069399090548,0.25736259041108434,0.9661549729911191
15.7,30.0111536,30.987032,176.295,-0.002197332682271798,0.27002777184362314,0.9628284554582354
15.8,30.0111539,30.9870324,176.321,-0.004852443006683554,0.2663350321970275,0.9638355662709434
15.9,30.011154,30.9870327,176.338,-0.016144291512802514,0.24500259407330546,0.9693594164860988
16.0,30.0111542,30.987033,176.364,0.0016785180211798456,0.20456556901760917,0.978820154423658
16.1,30.0111544,30.9870332,176.386,0.011169774468214972,0.17435224463637197,0.9845881527146214
16.2,30.0111546,30.9870337,176.405,0.008850367748039186,0.16397595141453292,0.9864192632831813
16.3,30.0111548,30.9870341,176.425,0.005523850215155492,0.17453535569322795,0.9846186712240974
16.4,30.011155,30.9870343,176.449,-0.000793481246375927,0.18182927945799127,0.9833063753166296
16.5,30.0111553,30.9870346,176.471,-0.004181035798211615,0.19150364696188238,0.9814752647480697
16.6,30.0111555,30.9870349,176.498,-0.0043641468550675985,0.20267342143009737,0.979216895046846
16.7,30.0111558,30.9870352,176.522,-0.0022583697012237922,0.20957060457167273,0.977782525101474
16.8,30.0111563,30.9870355,176.545,-0.0018311105685598315,0.2164372692037721,0.9762871181371502
16.9,30.0111564,30.9870356,176.573,-0.009308145390179145,0.21878719443342387,0.9757072664571063
17.0,30.0111568,30.987036,176.587,-0.02044740134891812,0.22446363719595935,0.9742423780022583
17.1,30.0111571,30.9870362,176.606,-0.021485030671102023,0.23218482009338665,0.9724112674336985
17.2,30.0111572,30.9870363,176.634,-0.025086214789269694,0.23206274605548266,0.9723502304147466
17.3,30.0111575,30.9870364,176.655,-0.024201178014465773,0.22959074678792687,0.9729606006042665
17.4,30.0111579,30.9870365,176.67,-0.03308206427198096,0.2314218573564867,0.9722586748863186
17.5,30.011158,30.9870365,176.678,-0.03750724814600055,0.23090304269539474,0.9722281563768426
17.6,30.0111583,30.9870368,176.684,-0.06176946317941832,0.23114719077120274,0.9709463789788507
17.7,30.0111586,30.9870367,176.698,-0.07882930997650074,0.22754600665303507,0.9705496383556627
17.8,30.0111587,30.9870365,176.712,-0.09207434308908354,0.2206183050019837,0.9709768974883267
17.9,30.011159,30.9870366,176.718,-0.09036530655842769,0.21881771294289987,0.9715567491683706
18.0,30.0111591,30.9870366,176.711,-0.0846583452864162,0.21924497207556384,0.9719840083010346
18.1,30.0111591,30.9870365,176.714,-0.08267464217047639,0.22220526749473557,0.9714651936399427
18.2,30.0111593,30.9870363,176.712,-0.08282723471785639,0.2269661549729911,0.9703360087893307
18.3,30.0111593,30.987036,176.704,-0.08291879024628437,0.22913296914578693,0.9698477126377147
18.4,30.0111596,30.9870358,176.706,-0.08829004791405988,0.23416852320932646,0.968169194616535
18.5,30.01116,30.9870357,176.697,-0.0924100466933195,0.23725089266640217,0.9670094912564471
18.6,30.0111601,30.9870358,176.698,-0.08252204962309641,0.2468031861323893,0.9655140842921232
18.7,30.01116,30.9870362,176.733,-0.07077242347483749,0.25104525894955293,0.9653614917447432
18.8,30.0111605,30.9870357,176.694,-0.07464827417828913,0.25162511062959686,0.9649037141026032
18.9,30.0111609,30.9870358,176.708,-0.07797479171117283,0.2523270363475448,0.9644764549699393
19.0,30.0111608,30.9870356,176.724,-0.07843256935331279,0.24970244453260904,0.9651173436689352
19.1,30.0111612,30.9870353,176.715,-0.06292916653950621,0.23410748619037447,0.9701528977324747
19.2,30.0111614,30.9870356,176.741,-0.0271919919431135,0.2000488296151616,0.9794000061037019
19.3,30.0111615,30.9870357,176.727,-0.017120883816034424,0.1969359416486099,0.9802545243690298
19.4,30.0111615,30.9870358,176.727,0.02850428785058138,0.19324320200201422,0.9807123020111698
19.5,30.0111616,30.9870358,176.736,0.05191198461867123,0.2022766808069094,0.977935117648854
19.6,30.0111617,30.9870361,176.746,0.06994842371898556,0.20899075289162877,0.9754020813623463
19.7,30.0111617,30.987036,176.731,0.06875820184942168,0.2150944547868282,0.9741508224738303
19.8,30.0111618,30.9870358,176.721,0.06762901699880979,0.24533829767754142,0.9670705282753991
19.9,30.0111619,30.987036,176.714,0.07339701528977324,0.26374095889156773,0.9617908261360515
20.0,30.0111614,30.9870362,176.724,0.07919553209021271,0.29087191381572924,0.9534592730491043
20.1,30.0111618,30.9870359,176.69,0.06283761101107822,0.31870479445783867,0.945738090151677
20.2,30.0111619,30.9870362,176.698,0.06244087038789026,0.33216345713675344,0.9411297952208014
20.3,30.0111619,30.9870362,176.689,0.06375316629535814,0.3554795983764153,0.9324930570390942
20.4,30.0111617,30.9870365,176.695,0.0793176061281167,0.4002502517777032,0.91293069246498
20.5,30.0111611,30.9870365,176.701,0.0804467909787286,0.42704550309762873,0.9006317331461532
20.6,30.011161,30.9870362,176.684,0.08456678975798822,0.4467909787285989,0.8906216620380261
20.7,30.0111607,30.9870361,176.652,0.07443464461195715,0.43864253669850767,0.8955656605731376
20.8,30.0111607,30.9870357,176.619,0.07150486770226142,0.4259773552659688,0.901882992034669
20.9,30.0111604,30.9870357,176.615,0.0694601275673696,0.4202703939939573,0.9047212134159368
21.0,30.0111603,30.9870354,176.575,0.07806634723960082,0.4119998779259621,0.9078035828730124
21.1,30.0111601,30.9870357,176.615,0.0925321207312235,0.412793359172338,0.9060945463423566
21.2,30.01116,30.9870356,176.61,0.09591967528305917,0.41795098727378155,0.9033783989989929
21.3,30.0111597,30.9870358,176.615,0.08597064119388409,0.4211249122592853,0.9028901028473769
21.4,30.0111596,30.9870358,176.637,0.07776116214484084,0.4225898007141331,0.9029511398663289
21.5,30.0111593,30.9870356,176.634,0.08490249336222419,0.4173711355937376,0.9047517319254128
21.6,30.0111591,30.9870353,176.602,0.1011383404034547,0.41877498702963345,0.902401806695761
21.7,30.011159,30.9870353,176.646,0.11484115115817743,0.4271980956450087,0.8968169194616535
21.8,30.0111588,30.9870349,176.588,0.14957121494186223,0.4377880184331797,0.8865321817682424
21.9,30.0111586,30.9870348,176.587,0.15570543534653766,0.4338816492202521,0.8873867000335703
22.0,30.0111585,30.9870347,176.551,0.12369151890621662,0.40739158299508654,0.9048127689443648
22.1,30.0111584,30.9870348,176.54,0.0424207281716361,0.38306833094271675,0.9227271340067751
22.2,30.0111583,30.9870345,176.482,-0.0059511093478194525,0.37525559251686147,0.9268776512955107
22.3,30.0111583,30.9870346,176.497,-0.07028412732322153,0.3675038911099582,0.9273354289376506
22.4,30.0111581,30.9870346,176.477,-0.23273415326395458,0.3751945554979095,0.8972136600848415
22.5,30.0111582,30.9870347,176.512,-0.3268837549974059,0.3729056672872097,0.8683736686300241
22.6,30.0111584,30.9870349,176.537,-0.40589617603076267,0.36826685384685814,0.836390270699179
22.7,30.0111584,30.9870347,176.5,-0.46967986083559676,0.3641468550675985,0.804193243202002
22.8,30.011159,30.9870348,176.561,-0.5696890163884396,0.3573412274544511,0.7400738547929319
22.9,30.011159,30.9870348,176.53,-0.5970946378978851,0.36555070650349436,0.7140110477004303
23.0,30.0111591,30.9870348,176.542,-0.6350596636860256,0.4009826960051271,0.6602069154942473
23.1,30.0111592,30.9870345,176.542,-0.6589861751152074,0.42844935453352456,0.6181524094363231
23.2,30.0111593,30.9870344,176.534,-0.6657612842188787,0.4476149784844508,0.5969725638599811
23.3,30.0111593,30.9870345,176.541,-0.6689352092043824,0.4664143803216651,0.5787530137028107
23.4,30.0111594,30.9870342,176.531,-0.6546525467696158,0.4993743705557421,0.5674611651966918
23.5,30.0111595,30.9870339,176.524,-0.6432081057161169,0.5150303659169286,0.5665456099124119
23.6,30.0111596,30.987034,176.544,-0.6153141880550554,0.5339518417920469,0.5798516800439466
23.7,30.0111596,30.9870334,176.498,-0.60872219000824,0.5414288766136662,0.5799127170628986
23.8,30.0111596,30.9870333,176.485,-0.597735526596881,0.554857020783105,0.5786309396649068
23.9,30.0111595,30.9870332,176.492,-0.586657307657094,0.5610522782067324,0.5839411603137302
24.0,30.0111597,30.9870328,176.448,-0.5618152409436323,0.5472579119235816,0.620349742118595
24.1,30.0111596,30.9870326,176.443,-0.5247657704397717,0.5284279915768914,0.6673482467116306
24.2,30.0111596,30.9870324,176.391,-0.4914395580919828,0.5299233985412153,0.6910916470839564
24.3,30.0111597,30.9870322,176.368,-0.46034119693594167,0.5313882869960631,0.7111117893002106
24.4,30.0111597,30.9870318,176.35,-0.4253364665669729,0.4977568895535142,0.7558519241920224
24.5,30.0111597,30.9870315,176.313,-0.4169133579515976,0.45616016113773006,0.7861568041016876
24.6,30.0111598,30.9870313,176.295,-0.42866298409985654,0.391705069124424,0.8141117587817011
24.7,30.0111598,30.9870311,176.309,-0.4393749809259316,0.3519699697866756,0.826441236610004
24.8,30.0111598,30.9870307,176.245,-0.45899838251899777,0.29099398785363323,0.8394116031373028
24.9,30.0111597,30.9870305,176.203,-0.4739524521622364,0.24713888973662526,0.8451185644093142
25.0,30.0111597,30.9870305,176.216,-0.5096285897396771,0.1770378734702597,0.8419751579332866
25.1,30.0111597,30.9870302,176.189,-0.5422528763695181,0.10855433820612201,0.8331553086947233
25.2,30.0111598,30.98703,176.16,-0.5526291695913571,0.07571642200994903,0.8299508651997436
25.3,30.0111598,30.9870299,176.169,-0.5615405743583484,0.050508133182775354,0.825891903439436
25.4,30.0111598,30.9870286,176.107,-0.5797906430249946,0.019928586687826166,0.8145084994048891
25.5,30.0111599,30.9870278,176.091,-0.5926999725333415,0.003173924985503708,0.8054139835810419
25.6,30.0111599,30.9870278,176.086,-0.6079592272713401,-0.011352885525070956,0.7938474684896389
25.7,30.0111599,30.9870275,176.061,-0.6124149296548357,-0.016296884060182502,0.7903378398998993
25.8,30.01116,30.9870273,176.056,-0.6193731498153631,-0.024811548203985716,0.7846613971373638
25.9,30.0111599,30.9870272,176.056,-0.6226996673482467,-0.031037324137089144,0.7818231757560961
26.0,30.01116,30.9870269,176.051,-0.6213568529313028,-0.0358897671437727,0.782677694021424
26.1,30.0111601,30.9870266,176.041,-0.6211737418744468,-0.03717154454176458,0.7827692495498519
26.2,30.0111601,30.9870266,176.036,-0.6244697408978546,-0.040498062074648275,0.7799615466780603
26.3,30.0111601,30.9870261,176.018,-0.6278878139591663,-0.04837183751945555,0.7767571031830806
26.4,30.0111601,30.9870259,176.016,-0.6277962584307383,-0.049287392803735466,0.7767876216925566
26.5,30.01116,30.9870257,175.987,-0.6240119632557146,-0.03900265511032441,0.7803888058107242
26.6,30.01116,30.9870254,175.984,-0.5851313821832942,0.00988799707022309,0.8108462782677694
26.7,30.01116,30.9870251,175.986,-0.532700582903531,0.06152531510361034,0.8440198980681783
26.8,30.0111599,30.9870248,175.959,-0.44712668233283487,0.12332529679250466,0.8858912930692465
26.9,30.0111599,30.9870243,175.951,-0.36490981780449844,0.16745506149479658,0.9158299508651997
27.0,30.0111598,30.9870238,175.943,-0.2087160863063448,0.2358165227210303,0.9490951261940367
27.1,30.0111597,30.9870236,175.936,-0.08166753135776848,0.27262184514908294,0.9586169011505478
27.2,30.0111597,30.9870235,175.915,-0.01174962614825892,0.2948088015381329,0.9554734946745201
27.3,30.0111597,30.9870242,175.957,0.038850062562944425,0.3143101290932951,0.9485152745139928
27.4,30.0111598,30.9870241,175.968,0.08841212195196387,0.32346568193609426,0.9420758690145573
27.5,30.0111598,30.9870241,175.964,0.1185644093142491,0.315256202887051,0.9415570543534654
27.6,30.0111598,30.9870235,175.949,0.18558305612353893,0.2837000640888699,0.9407635731070895
27.7,30.0111598,30.9870233,175.907,0.22125919370097966,0.2597430341502121,0.9399700918607136
27.8,30.0111599,30.9870231,175.892,0.2759788811914426,0.2143620105594043,0.9369487594225898
27.9,30.0111599,30.9870228,175.877,0.31473738822595904,0.1933652760399182,0.9292580950346385
28.0,30.0111601,30.9870226,175.884,0.37882625812555315,0.1683400982696005,0.9100009155552843
28.1,30.0111602,30.9870226,175.876,0.4294259468367565,0.14307077242347485,0.8916592913602099
28.2,30.0111601,30.9870226,175.876,0.47111423078096865,0.11358989226966155,0.8746910000915555
28.3,30.0111602,30.9870226,175.869,0.510696737571337,0.08221686452833643,0.8558000427259133
28.4,30.0111603,30.9870224,175.837,0.5529953917050692,0.039429914242988376,0.8322092349009674
28.5,30.0111602,30.9870224,175.851,0.5772881252479629,0.013824884792626729,0.8164006469924009
28.6,30.0111602,30.9870224,175.863,0.6013061922055727,-0.0423291726432081,0.7978759117404706
28.7,30.0111603,30.9870223,175.827,0.6168401135288553,-0.07373271889400922,0.783593249305704
28.8,30.0111602,30.9870225,175.844,0.6332590716269417,-0.11966307565538499,0.7646107364116337
28.9,30.0111602,30.9870226,175.829,0.6390575884273813,-0.13324381237220373,0.7574999237037263
29.0,30.0111601,30.9870226,175.82,0.6504715109714042,-0.15033417767876217,0.7444685201574756
29.1,30.0111602,30.9870227,175.824,0.6549577318643758,-0.15204321420941802,0.7401654103213599
29.2,30.0111602,30.9870229,175.85,0.6608783227027192,-0.152165288247322,0.7348857081820124
29.3,30.01116,30.987023,175.844,0.6638996551408429,-0.16449476607562485,0.7294839320047609
29.4,30.01116,30.9870231,175.834,0.6686910611285745,-0.1890926847132786,0.7190466017639698
29.5,30.01116,30.9870232,175.835,0.6761986144596698,-0.18997772148808253,0.7117831965086825
29.6,30.0111599,30.9870235,175.853,0.6859035004730369,-0.17368083742790003,0.706625568407239
29.7,30.0111599,30.9870232,175.822,0.6833094271675771,-0.1487777336954863,0.7148045289468062
29.8,30.0111598,30.9870233,175.825,0.6876430555131687,-0.09683523056733909,0.7195043794061098
29.9,30.0111597,30.9870235,175.835,0.706900234992523,-0.013824884792626729,0.7071443830683309
30.0,30.0111596,30.9870235,175.843,0.7476729636524552,0.1708120975371563,0.6416821802423169
30.1,30.0111594,30.9870236,175.844,0.78331858272042,0.33344523453474534,0.5245826593829157
30.2,30.0111594,30.9870237,175.881,0.7859736930448317,0.3960081789605396,0.4747154148991363
30.3,30.0111595,30.9870236,175.871,0.7805413983581042,0.4194463942381054,0.46342356639301735
30.4,30.0111592,30.9870235,175.814,0.772087771233253,0.4330271309549242,0.4651020844141972
30.5,30.0111591,30.9870236,175.834,0.7673574022644734,0.43626209295937984,0.4698629718924528
30.6,30.0111591,30.9870234,175.813,0.7672963652455214,0.4462416455580309,0.46052430799279764
30.7,30.011159,30.9870235,175.82,0.7681814020203254,0.4521927549058504,0.4531693472090823
30.8,30.0111588,30.9870234,175.783,0.7665334025086215,0.4599749748222297,0.44813379314554275
30.9,30.0111588,30.9870231,175.76,0.7661366618854335,0.467055269020661,0.4414502395702994
31.0,30.0111586,30.9870229,175.743,0.7620777001251259,0.4687337870418409,0.44660786767174293
31.1,30.0111583,30.9870229,175.747,0.7153538621173742,0.46479689931943724,0.521713919492172
31.2,30.0111582,30.9870223,175.665,0.620349742118595,0.456801049836726,0.6375316629535813
31.3,30.0111579,30.9870224,175.709,0.48500015259254736,0.43894772179326763,0.7563402203436385
31.4,30.0111577,30.9870218,175.664,0.31244850001525926,0.47877437665944395,0.8204290902432325
31.5,30.0111573,30.9870216,175.666,0.2358775597399823,0.49958800012207405,0.8334910122989593
31.6,30.011157,30.9870213,175.663,0.18140202032532732,0.5681325724051637,0.8026673177282021
31.7,30.0111569,30.9870209,175.641,0.17587817011017182,0.6171147801141392,0.7669301431318094
31.8,30.0111567,30.9870206,175.64,0.16324350718710898,0.673390911587878,0.7209997863704337
31.9,30.0111569,30.9870199,175.559,0.15359965819269386,0.7127292703024384,0.684377574999237
32.0,30.011157,30.9870197,175.577,0.13357951597643972,0.6881618701742607,0.7131260109256264
32.1,30.0111573,30.9870195,175.559,0.10992767113254188,0.5965758232367931,0.7949461348307749
32.2,30.0111575,30.9870193,175.526,0.10385448774681845,0.5854670857875302,0.80397961363567
32.3,30.0111576,30.9870191,175.503,0.11362041077913755,0.5796075319681386,0.8069093905453658
32.4,30.0111578,30.9870189,175.46,0.1021759697256386,0.5650196844386121,0.8187200537125767
32.5,30.011158,30.9870188,175.428,0.0815149388103885,0.5462202826013978,0.8336436048463393
32.6,30.0111581,30.9870185,175.373,0.050050355540635395,0.5202795495468001,0.8525040437025055
32.7,30.0111582,30.9870182,175.322,0.0391857661671804,0.49955748161259805,0.8653523361919004
32.8,30.0111583,30.9870185,175.323,0.04367198706015198,0.45899838251899777,0.8873561815240943
32.9,30.0111584,30.9870183,175.249,0.040192876979888305,0.391094698934904,0.9194616534928434
33.0,30.0111587,30.9870183,175.236,0.04443494979705191,0.33988464003418073,0.9393902401806695
33.1,30.0111586,30.9870182,175.215,0.05392620624408704,0.32355723746452225,0.9446394238105411
33.2,30.0111586,30.9870181,175.196,0.042756431775872066,0.29215369121372115,0.9553819391460922
33.3,30.0111586,30.9870177,175.148,0.032074953459273046,0.2588885158848842,0.9653614917447432
33.4,30.0111587,30.9870177,175.15,0.03158665730765709,0.23319193090609455,0.9718924527726066
33.5,30.0111585,30.9870177,175.141,0.038087099826044496,0.22949919125949889,0.9725333414716025
33.6,30.0111586,30.9870175,175.137,0.05026398510696738,0.22901089510788294,0.9721060823389386
33.7,30.0111586,30.9870172,175.122,0.054322946867275006,0.21811578722495192,0.9743949705496383
33.8,30.0111586,30.9870169,175.115,0.05240028077028718,0.19116794335764642,0.9801324503311258
33.9,30.0111587,30.987017,175.116,0.059297463911862545,0.18237861262855923,0.9814142277291177
34.0,30.0111588,30.9870168,175.109,0.06762901699880979,0.17880794701986755,0.9815363017670217
34.1,30.0111588,30.9870168,175.111,0.07153538621173743,0.16986602374340037,0.9828485976744896
34.2,30.0111589,30.9870164,175.089,0.06973479415265359,0.16162602618488114,0.9843745231482894
34.3,30.011159,30.9870162,175.069,0.05850398266548662,0.14407788323618276,0.9878231147190771
34.4,30.0111591,30.987016,175.082,0.05371257667775506,0.1327555162205878,0.9896847437971129
34.5,30.0111591,30.9870159,175.064,0.053529465620899074,0.13214514603106783,0.9897762993255409
34.6,30.0111593,30.9870157,175.061,0.05417035431989502,0.13110751670888393,0.9898678548539689
34.7,30.0111592,30.9870155,175.076,0.051118503372295294,0.1098361156041139,0.9926145207068087
34.8,30.0111593,30.9870154,175.064,0.03503524887844478,0.09335612048707541,0.9949949644459365
34.9,30.0111592,30.9870151,175.061,0.033112582781456956,0.08975493636890775,0.9953917050691244
35.0,30.0111593,30.9870151,175.074,0.03570665608691671,0.08786278878139592,0.9954832605975524
35.1,30.0111593,30.9870149,175.076,0.04406872768333995,0.09497360148930327,0.9944761497848446
35.2,30.0111593,30.9870151,175.094,0.05127109591967528,0.1033051545762505,0.9933164464247566
35.3,30.0111593,30.9870148,175.072,0.053132724997711114,0.10391552476577044,0.9931333353679006
35.4,30.0111594,30.9870149,175.08,0.047944578386791586,0.1119724112674337,0.9925229651783807
35.5,30.0111595,30.9870148,175.072,0.04492324594866787,0.11154515213476973,0.9927365947447127
35.6,30.0111596,30.9870148,175.067,0.03527939695425276,0.11120944853053377,0.9931638538773766
35.7,30.0111597,30.9870148,175.046,0.039216284676656395,0.1206396679586169,0.9919125949888608
35.8,30.0111598,30.9870148,175.065,0.03704947050386059,0.1217078157902768,0.9918515579699088
35.9,30.0111598,30.9870147,175.046,0.03878902554399243,0.11181981872005371,0.9929502243110446
36.0,30.01116,30.9870148,175.063,0.018219550157170323,0.097750785851619,0.9950254829554125
36.1,30.0111602,30.9870148,175.065,0.026490066225165563,0.08786278878139592,0.9957579271828364
36.2,30.0111602,30.9870147,175.063,0.045533616138187814,0.07959227271340068,0.9957579271828364
36.3,30.0111603,30.9870149,175.084,0.04434339426862392,0.076113162633137,0.9960936307870724
36.4,30.0111603,30.9870148,175.076,0.03601184118167669,0.0750450148014771,0.9965208899197363
36.5,30.0111603,30.9870148,175.104,0.023438215277565844,0.07162694174016541,0.9971312601092562
36.6,30.0111603,30.9870146,175.088,0.031464583269753106,0.06772057252723777,0.9971922971282082
36.7,30.0111604,30.9870147,175.107,0.0456251716666158,0.06378368480483414,0.9969176305429243
36.8,30.0111603,30.9870146,175.104,0.04303109836115604,0.0663167210913419,0.9968565935239723
36.9,30.0111603,30.9870145,175.106,0.03762932218390454,0.07089449751274148,0.9967650379955443
37.0,30.0111603,30.9870145,175.117,0.031617175817133095,0.07544175542466507,0.9966429639576403
37.1,30.0111603,30.9870144,175.116,0.026154362620929593,0.07660145878475295,0.9967040009765923
37.2,30.0111603,30.9870143,175.12,0.02206488235114597,0.07394634846034119,0.9970091860713522
37.3,30.0111603,30.9870143,175.115,0.025910214545121615,0.06805627613147373,0.9973143711661122
37.4,30.0111603,30.9870141,175.11,0.0304574724570452,0.06369212927640613,0.9974974822229682
37.5,30.0111603,30.987014,175.108,0.02737510299996948,0.06479079561754204,0.9974974822229682
37.6,30.0111603,30.987014,175.106,0.025482955412457656,0.06732383190404981,0.9973754081850642
37.7,30.0111604,30.987014,175.128,0.030854213080233162,0.06714072084719383,0.9972533341471602
37.8,30.0111605,30.9870138,175.111,0.02914517654957732,0.06711020233771782,0.9973143711661122
37.9,30.0111605,30.9870138,175.11,0.028138065736869413,0.0695516830957976,0.9971617786187322
38.0,30.0111606,30.9870139,175.135,0.031250953703421125,0.07202368236335338,0.9968871120334483
38.1,30.0111607,30.9870139,175.149,0.02652058473464156,0.07187108981597339,0.9970397045808282
